{
  "chosen_pattern_id": "shuffle_push",
  "effective_humanize_ms": 3.4519,
  "note_bias_ms": -3.46,
  "target_offsets_s_first10": [
    -0.000239021,
    0.157312023,
    0.315471217,
    0.624224558,
    0.782207036,
    0.93937283,
    1.24792182,
    1.407025695,
    1.562814654,
    1.871312556
  ],
  "velocity_mul": 1.126
}
