{
  "chosen_pattern_id": "swing_basic",
  "effective_humanize_ms": 4.7906,
  "note_bias_ms": 0.0,
  "target_offsets_s_first10": [
    0.003642452,
    0.158081391,
    0.315846293,
    0.628006385,
    0.782714766,
    0.93954387,
    1.25146165,
    1.407081506,
    1.562696247,
    1.874553449
  ],
  "velocity_mul": 1.1025
}
