{
  "chosen_pattern_id": "shuffle_push",
  "effective_humanize_ms": 6.3844,
  "note_bias_ms": 5.3,
  "target_offsets_s_first10": [
    0.011257324,
    0.158214251,
    0.317995379,
    0.635265192,
    0.783020074,
    0.940963871,
    1.257855729,
    1.407684677,
    1.563081964,
    1.879879334
  ],
  "velocity_mul": 1.2185
}
